{
	"display": {
		"icon": {
			"id": "minecraft:player_head",
			"components": {
				"minecraft:custom_model_data": 4150000,
				"minecraft:profile": {
					"properties": [
						{
							"name": "textures",
							"value": "eyJ0ZXh0dXJlcyI6eyJTS0lOIjp7InVybCI6Imh0dHA6Ly90ZXh0dXJlcy5taW5lY3JhZnQubmV0L3RleHR1cmUvNWY3N2ViYzQ2MjliOWI4ZDQzOWMxZGExZThlNWI3OWRkZTA2Y2I2NmQ5NTIxN2JkYWE5MTE5MjNkNTcyZmZlOCJ9fX0="
						}
					]
				}
			}
		},
		"title": "Health Indications",
		"description": "See Player and Mob Health!",
		"background": "minecraft:textures/block/black_concrete_powder.png",
		"show_toast": false,
		"announce_to_chat": false
	},
	"parent": "global:danmizu",
	"criteria": {
		"trigger": {
			"trigger": "minecraft:tick"
		}
	}
}
